﻿X,Y,OBJECTID,ID,FACILITY,ADDRESS,CITY,ZIPCODE,EVACZONE,VICINITY,LAT,LON,POINT_X,POINT_Y
-80.256626302676551,25.812296251665781,1,0,CARELY'S & BLUE BELLE TRAILER PARK,NW 41 ST & NW 37 AV,UNINCORPORATED,33142,MHP,NORTHWEST,25.8123,-80.25663,900719.8123235,538158.55960681
-80.308501469898829,25.760529287794746,2,1,MIAMI TERRACE TRAILER PARK,SW 10 ST & SW 70 AV,UNINCORPORATED,33144,MHP,SOUTHWEST,25.76053,-80.3085,883752.3729477,519250.2165492
-80.294297481102873,25.763234767588987,3,2,WESTHAVEN & SUNNYSIDE TRAILER PARK,6024 SW 8 ST,WEST MIAMI,33144,MHP,SOUTHWEST,25.76323,-80.2943,888422.04642405,520258.32688614
-80.241804760750313,25.843463989233481,4,3,PALM LAKE MOBILE HOME PARK,7600 NW 27 AV,UNINCORPORATED,33147,MHP,NORTHWEST,25.84346,-80.2418,905530.60733599,549514.81792139
-80.245775874854857,25.844513283468874,5,4,J BAR J MHP,NW 77 ST & NW 30 AV,UNINCORPORATED,33147,MHP,NORTHWEST,25.84451,-80.24578,904222.31088677,549888.68723373
-80.254622444246991,25.845498236875059,6,5,MIAMI HEIGHTS TRAILER PARK,3520 NW 79 ST,UNINCORPORATED,33147,MHP,NORTHWEST,25.8455,-80.25462,901310.65366805,550230.08550605
-80.21596131249612,25.846821554603466,7,6,NEW AVOCADO TRAILER PARK & WESTLAND MOBILE HOME PK,NW 79 ST & NW 11 CT,UNINCORPORATED,33150,MHP,NORTHWEST,25.84682,-80.21596,914023.30929589,550785.05920257
-80.212267223553823,25.848812572369901,8,7,ROVELL TRAILER PARK,NW 81 ST & NW 9 AV,UNINCORPORATED,33150,MHP,NORTHWEST,25.84881,-80.21227,915233.93585702,551515.99859525
-80.213885098363676,25.863105541698594,9,8,COLONIAL ACRES MOBILE HOME PARK,NW 96 ST & NW 10 AV,UNINCORPORATED,33150,MHP,NORTHWEST,25.86311,-80.21388,914670.7478885,556707.87188008
-80.187395066124168,25.910307477496453,10,9,SHADY OAK & SIXTH AVE TRAILER PARK,NE 147 ST & NE 6 AV,NORTH MIAMI,33161,MHP,NORTHEAST,25.91031,-80.18739,923275.74936851,573917.49980011
-80.314730368315978,25.847656045421019,11,10,MEDLEY MOBILE HOME PARK,8181 NW SOUTH RIVER DR,MEDLEY,33166,MHP,NORTHWEST,25.84766,-80.31473,881537.39310564,550906.76825868
-80.473014165469905,25.550449849258207,12,11,SILVER PALM MOBILE HOME PARK,17350 SW 232 ST,UNINCORPORATED,33170,MHP,SOUTHWEST,25.55045,-80.47301,829911.20656156,442647.04975785
-80.377326438872402,25.77195000471287,13,12,LIL' ABNER MHP,NW 3 TER & NW 112 AVE,SWEETWATER,33172,MHP,NORTHWEST,25.77195,-80.37733,861080.62329459,523288.24919296
-80.371027297589919,25.869395279969616,14,13,MEDLEY LAKESIDE RETIREMENT PARK,10591 NW 107 AV,MEDLEY,33178,MHP,NORTHWEST,25.8694,-80.37103,862984.28179236,558715.57005795
-80.1474282663455,25.955771333740916,15,14,"SUN HAVEN TRAILER PARK, COE'S TRAILER CT, & DIXIE TRAILER CT",NE 195 ST & W DIXIE HWY,UNINCORPORATED,33180,MHP,NORTHEAST,25.95577,-80.14743,936306.12250065,590525.99952758
-80.159151429025272,25.904077621098661,16,15,HIGHLAND MOBILE HOME PARK,HIGHLAND DR & BISCAYNE BD,NORTH MIAMI BEACH,33181,MHP,NORTHEAST,25.90408,-80.15915,932574.53056117,571711.64303006
-80.407065916446427,25.755588621715297,17,16,UNIVERSITY LAKES TRAILER PARK,SW 13 ST & SW 131 AV,UNINCORPORATED,33184,MHP,SOUTHWEST,25.75559,-80.40707,851320.3104535,517296.46653138
-80.582300777484619,25.760824013959443,18,17,GATOR PARK MHP,24050 SW 8 ST,UNINCORPORATED,33194,MHP,SOUTHWEST,25.76082,-80.5823,793638.37196778,518978.22730094
-80.381555188003802,25.628128649021342,19,18,CORAL REEF PARK AND RIDE LOT,SW 152 St & SW 117 Ave,UNINCORPORATED,33157,D,SOUTHWEST,25.62813,-80.38156,859933.65830152,471009.28364027
-80.474181105770057,25.550521740752025,20,19,REDLAND MOBILE HOME PARK,SW 232 ST & SW 174 AVE,UNINCORPORATED,33170,MHP,SOUTHWEST,25.55052,-80.47418,829526.3643212,442671.65366188
-80.480589766957024,25.580366824902271,21,20,AMERICANA VILLAGE CONDO ASSOC. MHP,19800 SW 179 AVE,UNINCORPORATED,33187,MHP,SOUTHWEST,25.58037,-80.48059,827371.00175919,453510.33373597
-80.158430945133105,25.90622644341332,22,21,TARGET SHOPPING CENTER,NE 140 ST & BISCAYNE BLVD,NORTH MIAMI BEACH,33181,A,NORTHEAST,25.90623,-80.15843,932806.36902539,572494.20584679
-80.144424183254401,25.968856444480132,23,22,PROMENADE SHOPPING CENTER,NE 209 ST & BISCAYNE BLVD,AVENTURA,33180,B,NORTHEAST,25.96886,-80.14442,937262.15706154,595288.59972402
-80.373046931334173,25.673693281463724,24,23,MIAMI-DADE COLLEGE,11011 SW 104TH ST,UNINCORPORATED,33176,D,SOUTHWEST,25.67369,-80.37305,862658.59296006,487583.00551171
-80.26667048444591,25.764240916636506,25,24,GABLES TRAILER PARK,SW 8 ST & SW 44 AVE,UNINCORPORATED,33134,MHP,SOUTHWEST,25.76424,-80.26667,897512.66403252,520673.65744653
-80.192106551922961,25.831887603693058,26,25,MAGIC CITY TRAILER PARK,NE 60 ST & NE 2 AVE,MIAMI,33137,MHP,NORTHEAST,25.83189,-80.19211,921902.37541523,545404.53746956
-80.184964533087481,25.853627502504942,27,26,LITTLE FARM MOBILE COURT,NE 85 ST & BISCAYNE BLVD,MIAMI,33138,MHP,NORTHEAST,25.85363,-80.18496,924202.64805738,553320.84877293
-80.377638673502219,25.774870334887112,28,27,LIL' ABNER MHP,NW 6 TER & NW 112 AVE,SWEETWATER,33172,MHP,NORTHWEST,25.77487,-80.37764,860972.85548649,524349.18000995
-80.166858382173231,25.881092556692597,29,28,BISCAYNE BREEZE PARK,NE 114 ST & BISCAYNE BD,UNINCORPORATED,33181,MHP,NORTHEAST,25.88109,-80.16686,930094.01395086,563340.99931026
-80.16364491975574,25.689504805805186,30,29,VILLAGE OF KEY BISCAYNE FIRE STATION,CRANDON BD & E ENID DR,KEY BISCAYNE,33149,A,BEACHES,25.6895,-80.16364,931592.81075226,493711.52110142
-80.304700354775292,25.629922355445796,31,30,WESTMINSTER CHRISTIAN SCHOOL,6855 SW 152 ST,PALMETTO BAY,33157,A,SOUTHWEST,25.62992,-80.3047,885253.2108371,471786.78917699
-80.331869927492946,25.587645836078224,32,31,EAST RIDGE RETIREMENT VILLAGE,SW 193 TE & SW 87 AV,CUTLER BAY,33157,A,SOUTHWEST,25.58765,-80.33187,876378.63546883,456375.24996264
-80.143828275030899,25.926479272908779,33,32,STRATFORD CONDOMINIUMS,NE 163 ST & NE 28 AV,NORTH MIAMI BEACH,33160,A,NORTHEAST,25.92648,-80.14383,937558.66675782,579886.70863767
-80.135472557686413,25.928711216382734,34,33,INTRA COASTAL MALL,NE 163 ST & NE 35 AV,NORTH MIAMI BEACH,33160,A,NORTHEAST,25.92871,-80.13547,940299.64928837,580716.00169444
-80.147766085892911,25.900446910383511,35,34,DORSET HOUSE,2500 NE 135 ST,NORTH MIAMI,33181,A,NORTHEAST,25.90045,-80.14777,936325.90976467,570416.12866085
-80.326374958951121,25.57091701285411,36,35,THE COVE CONDIMINIUM COMMUNITY,21163 SW 85TH AVE,CUTLER BAY,33189,A,SOUTHWEST,25.57092,-80.32637,878220.65633455,450304.31338099
-80.396305104557484,25.515326535412267,37,36,HUD - PINE ISLAND,SW 272 ST & SW 127 AV,UNINCORPORATED,33032,B,SOUTHWEST,25.51533,-80.39631,855260.18348117,429989.29512207
-80.409303105982829,25.477739903990823,38,37,SOUTH DADE CAMP,13400 SW 312TH ST,HOMESTEAD,33033,B,SOUTHWEST,25.47774,-80.4093,851034.10066123,416309.46586133
-80.483061633276563,25.447930851846269,39,38,FLORIDA CITY - CITY HALL,404 W PALM DR,FLORIDA CITY,33034,B,SOUTHWEST,25.44793,-80.48306,826743.29129461,405374.54489114
-80.196233706985609,25.755472657236457,40,39,STANLEY AXLROD UTD TOWERS,1809 BRICKELL AVE,MIAMI,33129,B,SOUTHWEST,25.75547,-80.19623,920714.35442213,517621.86736368
-80.138376965510204,25.770601475346197,41,40,REBECCA TOWERS SOUTH,150 ALTON RD,MIAMI BEACH,33139,B,BEACHES,25.7706,-80.13838,939721.89312783,523241.00004092
-80.132715443924823,25.775495643412519,42,41,COUNCIL TOWERS SOUTH,599 COLLINS AVE,MIAMI BEACH,33139,B,BEACHES,25.7755,-80.13272,941573.44128955,525032.10737059
-80.14213498036473,25.778091816605947,43,42,SOUTH BAY CLUB,800 WEST AV,MIAMI BEACH,33139,B,BEACHES,25.77809,-80.14213,938467.37203866,525955.44279544
-80.136798790846015,25.775862449779741,44,43,SOUTH SHORE COMMUNITY CENTER,833 6 ST,MIAMI BEACH,33139,B,BEACHES,25.77586,-80.1368,940228.7570003,525156.6052907
-80.140989426256539,25.779419094087199,45,44,STREET LOCATION,908 ALTON RD,MIAMI BEACH,33139,B,BEACHES,25.77942,-80.14099,938841.21421501,526440.3247159
-80.130497481928757,25.78064981995357,46,45,OCEAN FRONT AUDITORIUM,1001 OCEAN DR,MIAMI BEACH,33139,B,BEACHES,25.78065,-80.1305,942290.99802622,526910.30974034
-80.141175647014947,25.785349115656221,47,46,ALTON TOWERS CONDOMINIUM,14 ST & ALTON RD,MIAMI BEACH,33139,B,BEACHES,25.78535,-80.14118,938765.87827894,528595.3107019
-80.133141993666129,25.786716280175064,48,47,IDA FISHER COMMUNITY SCHOOL,1424 DREXEL AV,MIAMI BEACH,33139,B,BEACHES,25.78672,-80.13314,941406.2264414,529109.55428638
-80.135220395196271,25.788666154794608,49,48,EUCLID GARDENS CONDOMINIUM,1575 EUCLID AVE,MIAMI BEACH,33139,B,BEACHES,25.78867,-80.13522,940717.64455276,529813.78059103
-80.135017822404762,25.792842921673262,50,49,MIAMI BEACH CITY HALL,1700 CONVENTION CENTER DR,MIAMI BEACH,33139,B,BEACHES,25.79284,-80.13502,940774.33037681,531332.35134445
-80.140047257016889,25.796039893167663,51,50,STREET LOCATION,1965 ALTON RD,MIAMI BEACH,33139,B,BEACHES,25.79604,-80.14005,939111.81850326,532483.51704152
-80.138121915834731,25.802197757682507,52,51,BAYSHORE GOLF CLUB,2301 ALTON RD,MIAMI BEACH,33140,B,BEACHES,25.8022,-80.13812,939730.67571984,534725.86558761
-80.12936362029231,25.803703158422497,53,52,SCOTT RAKOW YOUTH CENTER,2700 SHERIDAN AV,MIAMI BEACH,33140,B,BEACHES,25.8037,-80.12936,942608.72577052,535292.00139614
-80.124748340467193,25.805167842890878,54,53,SEVILLE BEACH HOTEL,29 ST & COLLINS AV,MIAMI BEACH,33140,B,BEACHES,25.80517,-80.12475,944123.69537193,535834.44517265
-80.19801735240641,25.848126019225578,55,54,SUNNYLAND TRAILER PARK & TRINIDAD COURT,NW 79 ST & NW MIAMI CT,MIAMI,33150,MHP,NORTHWEST,25.84813,-80.19802,919922.08690139,551294.80614704
-80.221270184247032,25.845846359783373,56,55,TROPICAL VILLAGE,NW 79 ST & NW 14 AV,UNINCORPORATED,33147,MHP,NORTHWEST,25.84585,-80.22127,912279.35358227,550420.22438623
-80.120949836746178,25.861088294293438,57,56,NORTH SHORE LIBRARY,75 ST & COLLINS AV,MIAMI BEACH,33141,B,BEACHES,25.86109,-80.12095,945237.56033297,556168.39437558
-80.125705498995686,25.862120418083396,58,57,BISCAYNE ELEMENTARY,800 77TH STREET,MIAMI BEACH,33141,B,BEACHES,25.86212,-80.12571,943671.11860351,556533.10682392
-80.12840884679089,25.863960026494787,59,58,STREET INTERSECTION,79 ST & HAWTHORNE AV,MIAMI BEACH,33141,B,BEACHES,25.86396,-80.12841,942777.66785067,557195.84935254
-80.121059366532151,25.8663276712252,60,59,STREET INTERSECTION,81 ST & COLLINS AV,MIAMI BEACH,33141,B,BEACHES,25.86633,-80.12106,945188.79540492,558072.53748135
-80.123709947287566,25.871300992925363,61,60,ST. JOSEPH'S SCHOOL,8625 BYRON AV,MIAMI BEACH,33141,B,BEACHES,25.8713,-80.12371,944305.1015801,559874.39245904
-80.150704199404473,25.847508392617058,62,61,KLA SCHOOLS,7800 HISPANIOLA AVE.,NORTH BAY VILLAGE,33141,B,BEACHES,25.84751,-80.1507,935484.48537988,551168.08640292
-80.126650974933909,25.887057414716047,63,62,BAL HARBOUR VILLAGE HALL,655 96 ST,BAL HARBOUR,33154,B,BEACHES,25.88706,-80.12665,943299.89428316,565595.02555236
-80.124310516869087,25.897625875954976,64,63,HARBOUR HOUSE CONDOS,10285 COLLINS AVE,BAL HARBOUR,33154,B,BEACHES,25.89763,-80.12431,944043.76781985,569441.54126795
-80.131135072879772,25.887397981643844,65,64,BAY HARBOR TOWN HALL,9665 BAY HARBOUR TE,BAY HARBOR ISLANDS,33154,B,BEACHES,25.8874,-80.13113,941824.76058579,565709.02619246
-80.123011934752228,25.881463673514819,66,65,SURFSIDE TOWN CITY HALL,9293 HARDING AV,SURFSIDE,33154,B,BEACHES,25.88146,-80.12301,944509.95226829,563569.81364647
-80.355227024991947,25.58105247469603,67,66,CUTLER RIDGE PARK,10100 SW 200 ST,CUTLER BAY,33157,B,SOUTHWEST,25.58105,-80.35523,868691.73626168,453940.80157638
-80.122560284285271,25.922753019268512,68,67,ARLEN HOUSE CONDOMINIUMS,BAYVIEW DR. & COLLINS AVE,SUNNY ISLES BEACH,33160,B,BEACHES,25.92275,-80.12256,944558.04980433,578578.53762845
-80.124691771757128,25.937022770335325,69,68,WINSTON TOWERS (Building 300),230 174 ST.,SUNNY ISLES BEACH,33160,B,BEACHES,25.93702,-80.12469,943822.80321165,583760.59766528
-80.127990211207262,25.936827890208605,70,69,WINSTON TOWERS (Building 100),250 174 ST,SUNNY ISLES BEACH,33160,B,BEACHES,25.93683,-80.12799,942739.24634664,583682.5327692
-80.121019696929181,25.950320536275978,71,70,STREET INTERSECTION,189 ST & COLLINS AV,SUNNY ISLES BEACH,33160,B,BEACHES,25.95032,-80.12102,944997.18426874,588602.14083779
-80.120550117885784,25.9550751706475,72,71,OCEAN VIEW,193 ST & COLLINS AV,SUNNY ISLES BEACH,33160,B,BEACHES,25.95508,-80.12055,945139.88378887,590331.3901194
-80.338753957365341,25.613573002649673,73,72,CHRIST FELLOWSHIP CHURCH,8900 SW 168 ST,PALMETTO BAY,33157,C,SOUTHWEST,25.61357,-80.33875,874062.64954668,465787.12965141
-80.148726798156673,25.941140461998739,74,73,OFFICE DEPOT SHOPPING CENTER,NE 179 ST & BISCAYNE BD,AVENTURA,33160,C,NORTHEAST,25.94114,-80.14873,935914.00602028,585205.22537863
-80.380775440455707,25.566139364896589,75,74,MAYS MIDDLE SCHOOL,11700 SW 216 ST,UNINCORPORATED,33170,C,SOUTHWEST,25.56614,-80.38078,860295.77951786,448480.55760329
-80.394035171428982,25.59732614084184,76,75,LARRY/PENNY THOMPSON,12451 SW 184 ST,UNINCORPORATED,33177,C,SOUTHWEST,25.59733,-80.39404,855872.82373774,459795.14039782
-80.157768268727793,25.888447614012769,77,76,BAY VIEW TOWERS,2100 SANS SOUCI BD,NORTH MIAMI,33181,C,NORTHEAST,25.88845,-80.15777,933065.70419363,566033.44833677
-80.493668869184532,25.464299823097406,78,77,POLICE ATHLETIC LEAGUE GYM,600 SW 14 AV,HOMESTEAD,33030,D,SOUTHWEST,25.4643,-80.49367,823220.53468333,411310.20979267
-80.476691170252096,25.485440034190759,79,78,WILLIAM F. DICKINSON COMMUNITY CENTER,29 NE 16TH ST,HOMESTEAD,33030,D,SOUTHWEST,25.48544,-80.47669,828791.86934452,419015.02515985
-80.305974862042504,25.761242856660676,80,79,STREET LOCATION,950 SW 68 AV,UNINCORPORATED,33144,D,SOUTHWEST,25.76124,-80.30597,884582.58555648,519513.94032545
-80.354395750079178,25.603153444055391,81,80,WEST PERRINE COMMUNITY ACTION AGENCY,17801 HOMESTEAD AV,UNINCORPORATED,33157,D,SOUTHWEST,25.60315,-80.3544,868926.64186189,461974.72337586
-80.166074424221407,25.886891263493066,82,81,STREET ADDRESS,NE 120 ST & NE 16 AV,UNINCORPORATED,33161,D,NORTHEAST,25.88689,-80.16607,930338.38771109,565450.31336023
-80.147659924789266,25.958362328131987,83,82,STREET LOCATION,19800 W DIXIE HWY,UNINCORPORATED,33180,D,NORTHEAST,25.95836,-80.14766,936223.86816457,591467.27389646
-80.511067898646488,25.608707082472659,84,83,8-1/2 SQUARE MILE,SW 168 ST & SW 197 AV,UNINCORPORATED,33187,D,SOUTHWEST,25.60871,-80.51107,817286.9408218,463772.24760153
-80.457219572919485,25.680812649333554,85,84,WEST KENDALL TRANSIT TERMINAL,9155 SW 162 Ave.,UNINCORPORATED,33196,D,SOUTHWEST,25.68081,-80.45722,834924.61635823,490047.92583
-80.520111901568384,25.637646968573492,86,85,8-1/2 SQUARE MILE,SW 136 ST & SW 202 AV,UNINCORPORATED,33196,E,SOUTHWEST,25.63765,-80.52011,814268.50037099,474279.40357932
-80.310266382751024,25.847089417343554,87,86,WYNKEN BLYNKEN & NOD,W 28 ST & W 14 AV,HIALEAH,33010,MHP,NORTHWEST,25.84709,-80.31027,883006.62241901,550708.5000985
-80.310341742420221,25.848133200610526,88,87,HOLIDAY ACRES MOBILE HOME PARK,1401 W 29 ST,HIALEAH,33012,MHP,NORTHWEST,25.84813,-80.31034,882979.84661098,551087.74797085
-80.311767677796553,25.848139669758243,89,88,STRAWBERRY VILLAGE TRAILER PARK,1451 W 29 ST,HIALEAH,33012,MHP,NORTHWEST,25.84814,-80.31177,882510.86382655,551087.64070685
-80.314533918441441,25.849499489365257,90,89,HIBISCUS & SUNNY GARDENS & PALMETTO TRAILER PARKS,3000 W 16 AV,HIALEAH,33012,MHP,NORTHWEST,25.8495,-80.31453,881598.5077297,551577.13113931
-80.274003649502475,25.852518291277349,91,90,HIALEAH TRAILER PARK,425 E 33 ST,HIALEAH,33013,MHP,NORTHWEST,25.85252,-80.274,894922.16521411,552745.9539244
-80.365646124933349,25.886762411033413,92,91,COURTLY MANOR,12401 W OKEECHOBEE RD,HIALEAH GARDENS,33018,MHP,NORTHWEST,25.88676,-80.36565,864723.24140998,565036.39566384
-80.438706345044338,25.94228100702437,93,92,MACK’S CAMP TRAILER PARK,14601 NW 185 ST,UNINCORPORATED,33018,MHP,NORTHWEST,25.94228,-80.43871,840616.43229953,585105.87049853
-80.471818325468718,25.462334722163423,94,93,AQUARIUS MOBILE HOME PARK,451 E LUCY ST,HOMESTEAD,33034,MHP,SOUTHWEST,25.46233,-80.47182,830432.60227405,410624.00000003
-80.468830353662256,25.470888660412555,95,94,BOARDWALK MHP,100 NE 6 AVE,HOMESTEAD,33030,MHP,SOUTHWEST,25.47089,-80.46883,831406.06019495,413736.75110693
-80.460886143769656,25.472180046897673,96,95,COCOWALK ESTATES,220 NE 12 AVE,HOMESTEAD,33030,MHP,SOUTHWEST,25.47218,-80.46089,834025.08765339,414216.61952338
-80.474760359228199,25.468948015415837,97,96,HOMESTEAD TRAILER PARK,E MOWRY DR & SE 2 RD,HOMESTEAD,33030,MHP,SOUTHWEST,25.46895,-80.47476,829452.43459313,413023.68896227
-80.123024833661404,25.812533743152429,98,97,CROWN HOTEL,4041 COLLINS AVE,MIAMI BEACH,33140,B,BEACHES,25.81253,-80.12302,944672.91111644,538515.52216714
-80.131606623725219,25.814910188516894,99,98,TEMPLE BETH SHALOM,4144 CHASE AV,MIAMI BEACH,33140,B,BEACHES,25.81491,-80.13161,941843.8563938,539360.56767193
-80.120238028783035,25.849458000625859,100,99,SHERRY FRONTENAC HOTEL,6565 COLLINS AV,MIAMI BEACH,33141,B,BEACHES,25.84946,-80.12024,945499.95444521,551942.64128365
-80.129841482700968,25.855827295952658,101,100,STREET INTERSECTION,NORMANDY DR & RUE VERSAILLES,MIAMI BEACH,33141,B,BEACHES,25.85583,-80.12984,942326.12685825,554236.68442179
-80.137466188796466,25.851811723052155,102,101,NORMANDY POOL,71 ST & TROUVILLE ESPLANADE,MIAMI BEACH,33141,B,BEACHES,25.85181,-80.13747,939828.14567193,552760.59200441
-80.123475000111526,25.857171612165562,103,102,NORTH SHORE PARK,72 ST & BYRON AV,MIAMI BEACH,33141,B,BEACHES,25.85717,-80.12347,944416.6361722,554739.22880625
-80.200987876235118,25.84732631353976,104,103,LITTLE RIVER MOBILE HOME PARK,NW 79 ST & NW 2 AV,MIAMI,33150,MHP,NORTHWEST,25.84733,-80.20099,918946.87461248,550998.18585876
-80.399077742105518,25.531751003244985,105,104,PRINCETONIAN MOBILE HOME PARK,12900 SW 253 TE,UNINCORPORATED,33032,MHP,SOUTHWEST,25.53175,-80.39908,854318.79672829,435954.53391162
-80.436772367459042,25.501837037375399,106,105,PALM GARDENS MHP,28501 SW 152 AV,UNINCORPORATED,33033,MHP,SOUTHWEST,25.50184,-80.43677,841934.95697276,425028.10010945
-80.404348658239044,25.501973497941005,107,106,PINE ISLE MHP,28600 SW 132 AV,UNINCORPORATED,33033,MHP,SOUTHWEST,25.50197,-80.40435,852629.16703072,425124.26190154
-80.471472799274466,25.447734657886951,108,107,SOUTHERN COMFORT TRAILER PARK,345 E PALM DR,FLORIDA CITY,33034,MHP,SOUTHWEST,25.44773,-80.47147,830567.64355417,405318.23231509
-80.480691031344051,25.457041520545506,109,108,FLORIDA CITY CAMP SITE & RV PARK,601 NW 3 AV,FLORIDA CITY,33034,MHP,SOUTHWEST,25.45704,-80.48069,827512.64118332,408688.74444623
-80.493366662448224,25.443525281174839,110,109,GOLDCOASTER TRAILER PARK,SW 348 ST & SW 187 AV,UNINCORPORATED,33034,MHP,SOUTHWEST,25.44353,-80.49337,823348.93685945,403760.34661764
-80.477606193302194,25.439664616718677,111,110,GATEWAY ESTATES MHP,35250 SW 177 CT,UNINCORPORATED,33034,MHP,SOUTHWEST,25.43966,-80.47761,828555.2385603,402377.30252035
-80.483127200410848,25.43948660807175,112,111,GATEWAY WEST MHP,35303 SW 180 AV,UNINCORPORATED,33034,MHP,SOUTHWEST,25.43949,-80.48313,826733.5502386,402305.50936829
-80.503537600995756,25.414695525745472,113,112,ANDREW CENTER,19308 SW 380 ST,UNINCORPORATED,33034,MHP,SOUTHWEST,25.4147,-80.50354,820031.61282436,393269.96222387
-80.291915899960969,25.957223676231813,114,113,ROYAL COUNTRY,5555 NW 202 TE,OPA-LOCKA,33055,MHP,NORTHWEST,25.95722,-80.29192,888825.78479243,590770.85917581
-80.282871664375406,25.953939601502586,115,114,HONEY HILL,4955 NW 199 ST,UNINCORPORATED,33055,MHP,NORTHWEST,25.95394,-80.28287,891804.1223312,589593.37207071
-80.262092034649129,25.954801216453159,116,115,RIVIERA PARK,NW 199 ST & NW 37 AV,MIAMI GARDENS,33056,MHP,NORTHWEST,25.9548,-80.26209,898630.43043356,589944.49117504
-80.240518592452389,25.792724480594234,117,116,FLAGAMI PARADISE TRAILER PARK,2750 NW SOUTH RIVER DR,MIAMI,33125,MHP,NORTHWEST,25.79272,-80.24052,906060.10237648,531075.15864021
-80.247013091257998,25.764933958856261,118,117,SILVER COURT TRAILER PARK,SW 8 ST & SW 32 AV,MIAMI,33135,MHP,SOUTHWEST,25.76493,-80.24701,903980.87216654,520962.03018279
-80.254429203154658,25.808657592345543,119,118,FRONTON TRAILER PARK,NW 36 ST & NW 36 AVE,MIAMI,33142,MHP,NORTHWEST,25.80866,-80.25443,901450.12451619,536840.12325358
-80.239902516152455,25.797076811042093,120,119,RIVER PARK TRAILER,NW 22 ST & NW 27 AV,UNINCORPORATED,33142,MHP,NORTHWEST,25.79708,-80.2399,906253.68496866,532658.24907368
-80.244216929527639,25.807104721135595,121,120,ALL STAR 36 STREET,NW 34 ST & NW 30 AV,UNINCORPORATED,33142,MHP,NORTHWEST,25.8071,-80.24422,904813.18423132,536294.87397307
-80.244307280282285,25.808973146115413,122,121,ROYAL DUKE,NW 36 ST & NW 30 AV,UNINCORPORATED,33142,MHP,NORTHWEST,25.80897,-80.24431,904779.55888728,536973.81157371
-80.33670993256446,25.580259200874028,123,122,FRANJO PARK,20175 FRANJO RD,CUTLER BAY,33189,B,SOUTHWEST,25.58026,-80.33671,874796.78023536,453682.57130414
-80.367111604148519,25.571550462322563,124,123,SOUTHLAND MALL (SOUTHSIDE),10850 SW 211 ST,CUTLER BAY,33189,B,SOUTHWEST,25.57155,-80.36711,864790.81875404,450468.45085314
-80.483599420501179,25.462605286680187,125,124,LAURA SAUNDERS ELEMENTARY,505 SW 8 ST,HOMESTEAD,33030,C,SOUTHWEST,25.46261,-80.4836,826545.17263842,410707.09964811
-80.463399053216207,25.477148321234548,126,125,HARRIS FIELD,1034 NE 8 ST,HOMESTEAD,33030,C,SOUTHWEST,25.47715,-80.4634,833188.77200461,416018.93888506
-80.183967942111281,25.858438737137401,127,126,STREET INTERSECTION,9050 BISCAYNE BD,MIAMI SHORES,33138,C,NORTHEAST,25.85844,-80.18397,924519.54098567,555071.62867856
-80.306124567182934,25.690939964166503,128,127,DADELAND NORTH METRORAIL STATION,8300 S Dixie Hwy,UNINCORPORATED,33143,C,SOUTHWEST,25.69094,-80.30612,884667.64181256,493961.49870165
